Inflation,Domestic Growth,Trade Balance,Value of Currency
Price stability is our primary mandate.,Manufacturing output has seen a recent uptick.,Global demand is driving export performance.,Policymakers are not targeting a specific exchange rate.
Energy prices have a significant impact on headline inflation.,Manufacturing output has seen a recent uptick.,Current account balances are stabilizing.,Currency fluctuations pose challenges to exporters.
There is a risk of second-round effects on inflation.,The outlook for domestic growth is cautiously optimistic.,Supply chain disruptions are affecting trade flows.,Volatility in the currency market has increased.
There is a risk of second-round effects on inflation.,Manufacturing output has seen a recent uptick.,The central bank are seeing an improvement in net exports.,A weaker currency may support export competitiveness.
Energy prices have a significant impact on headline inflation.,Fiscal stimulus has supported domestic demand.,Policymakers are seeing an improvement in net exports.,The currency has depreciated against major peers.
Core inflation is showing signs of moderation.,The outlook for domestic growth is cautiously optimistic.,Tariffs have impacted trade volumes.,The central bank are not targeting a specific exchange rate.
Core inflation is showing signs of moderation.,Investment is picking up across sectors.,Global demand is driving export performance.,Capital inflows have supported the currency.
Price stability is our primary mandate.,Manufacturing output has seen a recent uptick.,The trade deficit is being monitored.,A weaker currency may support export competitiveness.
Energy prices have a significant impact on headline inflation.,Consumption remains a key driver of growth.,Imports have increased due to domestic demand.,The institution are closely monitoring exchange rate movements.
The central bank may require policy action to return inflation to target.,Labor market conditions support economic recovery.,Tariffs have impacted trade volumes.,Market forces primarily determine the exchange rate.
Inflation expectations remain well-anchored.,Consumption remains a key driver of growth.,Policymakers are seeing an improvement in net exports.,The central bank are not targeting a specific exchange rate.
Energy prices have a significant impact on headline inflation.,The outlook for domestic growth is cautiously optimistic.,Global demand is driving export performance.,Currency fluctuations pose challenges to exporters.
Wage growth is contributing to rising inflation.,Consumption remains a key driver of growth.,Tariffs have impacted trade volumes.,A stronger currency can help moderate imported inflation.
Wage growth is contributing to rising inflation.,Consumption remains a key driver of growth.,Current account balances are stabilizing.,The institution are closely monitoring exchange rate movements.
Price stability is our primary mandate.,The institution forecast a moderate expansion in GDP.,Supply chain disruptions are affecting trade flows.,Policymakers are closely monitoring exchange rate movements.
Core inflation is showing signs of moderation.,Domestic growth shows signs of recovery.,Current account balances are stabilizing.,Policymakers are closely monitoring exchange rate movements.
The central bank may require policy action to return inflation to target.,Manufacturing output has seen a recent uptick.,Current account balances are stabilizing.,Policymakers are not targeting a specific exchange rate.
Energy prices have a significant impact on headline inflation.,Investment is picking up across sectors.,Supply chain disruptions are affecting trade flows.,A stronger currency can help moderate imported inflation.
Wage growth is contributing to rising inflation.,Fiscal stimulus has supported domestic demand.,The trade deficit is being monitored.,Volatility in the currency market has increased.
The central bank may require policy action to return inflation to target.,Policymakers forecast a moderate expansion in GDP.,Exports have been a significant factor to GDP.,Capital inflows have supported the currency.
The central bank expect inflationary pressures to ease in the coming quarters.,Labor market conditions support economic recovery.,Imports have increased due to domestic demand.,Volatility in the currency market has increased.
There is a risk of second-round effects on inflation.,Manufacturing output has seen a recent uptick.,Current account balances are stabilizing.,Capital inflows have supported the currency.
The institution expect inflationary pressures to ease in the coming quarters.,Fiscal stimulus has supported domestic demand.,Current account balances are stabilizing.,The currency has depreciated against major peers.
Inflation expectations remain well-anchored.,The central bank forecast a moderate expansion in GDP.,Tariffs have impacted trade volumes.,The currency has depreciated against major peers.
There is a risk of second-round effects on inflation.,Growth prospects remain uneven across regions.,Policymakers aim to diversify our trading partners.,The central bank are closely monitoring exchange rate movements.
Monetary policy will remain tight to combat inflation.,Domestic growth shows signs of recovery.,Supply chain disruptions are affecting trade flows.,Currency fluctuations pose challenges to exporters.
Policymakers expect inflationary pressures to ease in the coming quarters.,Fiscal stimulus has supported domestic demand.,Supply chain disruptions are affecting trade flows.,Market forces primarily determine the exchange rate.
Energy prices have a significant impact on headline inflation.,Consumption remains a key driver of growth.,Global demand is driving export performance.,The currency has depreciated against major peers.
Policymakers may require policy action to return inflation to target.,Domestic growth shows signs of recovery.,Exports have been a significant factor to GDP.,Currency fluctuations pose challenges to exporters.
The institution may require policy action to return inflation to target.,The central bank forecast a moderate expansion in GDP.,The institution are seeing an improvement in net exports.,Currency fluctuations pose challenges to exporters.
Energy prices have a significant impact on headline inflation.,Consumption remains a key driver of growth.,Current account balances are stabilizing.,Capital inflows have supported the currency.
Monetary policy will remain tight to combat inflation.,The institution forecast a moderate expansion in GDP.,Policymakers aim to diversify our trading partners.,Policymakers are closely monitoring exchange rate movements.
Price stability is our primary mandate.,Investment is picking up across sectors.,The trade deficit is being monitored.,Volatility in the currency market has increased.
Monetary policy will remain tight to combat inflation.,The central bank anticipate a rebound in economic activity.,Tariffs have impacted trade volumes.,A stronger currency can help moderate imported inflation.
Core inflation is showing signs of moderation.,Domestic growth shows signs of recovery.,Imports have increased due to domestic demand.,The currency has depreciated against major peers.
Policymakers expect inflationary pressures to ease in the coming quarters.,Investment is picking up across sectors.,Policymakers aim to diversify our trading partners.,Volatility in the currency market has increased.
Inflation remains currently above our target.,The central bank anticipate a rebound in economic activity.,Policymakers aim to diversify our trading partners.,The currency has depreciated against major peers.
Core inflation is showing signs of moderation.,Fiscal stimulus has supported domestic demand.,Trade imbalances are narrowing gradually.,The central bank are not targeting a specific exchange rate.
Core inflation is showing signs of moderation.,The outlook for domestic growth is cautiously optimistic.,The trade deficit is being monitored.,A stronger currency can help moderate imported inflation.
The institution may require policy action to return inflation to target.,Manufacturing output has seen a recent uptick.,Global demand is driving export performance.,The currency has depreciated against major peers.
Inflation remains currently above our target.,Fiscal stimulus has supported domestic demand.,Global demand is driving export performance.,Policymakers are not targeting a specific exchange rate.
Monetary policy will remain tight to combat inflation.,Manufacturing output has seen a recent uptick.,The central bank aim to diversify our trading partners.,Currency fluctuations pose challenges to exporters.
Price stability is our primary mandate.,The central bank anticipate a rebound in economic activity.,Tariffs have impacted trade volumes.,The central bank are closely monitoring exchange rate movements.
Policymakers may require policy action to return inflation to target.,Policymakers anticipate a rebound in economic activity.,Trade imbalances are narrowing gradually.,A weaker currency may support export competitiveness.
The central bank expect inflationary pressures to ease in the coming quarters.,Growth prospects remain uneven across regions.,The central bank aim to diversify our trading partners.,A stronger currency can help moderate imported inflation.
Monetary policy will remain tight to combat inflation.,The institution anticipate a rebound in economic activity.,Supply chain disruptions are affecting trade flows.,Capital inflows have supported the currency.
The central bank expect inflationary pressures to ease in the coming quarters.,Domestic growth shows signs of recovery.,The central bank are seeing an improvement in net exports.,Currency fluctuations pose challenges to exporters.
There is a risk of second-round effects on inflation.,Fiscal stimulus has supported domestic demand.,Trade imbalances are narrowing gradually.,Currency fluctuations pose challenges to exporters.
Core inflation is showing signs of moderation.,Growth prospects remain uneven across regions.,Global demand is driving export performance.,Currency fluctuations pose challenges to exporters.
Inflation remains currently above our target.,Manufacturing output has seen a recent uptick.,Imports have increased due to domestic demand.,Volatility in the currency market has increased.
The institution expect inflationary pressures to ease in the coming quarters.,Growth prospects remain uneven across regions.,Imports have increased due to domestic demand.,A stronger currency can help moderate imported inflation.
Wage growth is contributing to rising inflation.,Investment is picking up across sectors.,Imports have increased due to domestic demand.,The institution are not targeting a specific exchange rate.
Monetary policy will remain tight to combat inflation.,Growth prospects remain uneven across regions.,Imports have increased due to domestic demand.,Currency fluctuations pose challenges to exporters.
Inflation expectations remain well-anchored.,Consumption remains a key driver of growth.,The trade deficit is being monitored.,Policymakers are closely monitoring exchange rate movements.
There is a risk of second-round effects on inflation.,Policymakers anticipate a rebound in economic activity.,Current account balances are stabilizing.,Exchange rate stability may support investor confidence.
There is a risk of second-round effects on inflation.,Investment is picking up across sectors.,Supply chain disruptions are affecting trade flows.,Exchange rate stability may support investor confidence.
Price stability is our primary mandate.,Consumption remains a key driver of growth.,Tariffs have impacted trade volumes.,Policymakers are closely monitoring exchange rate movements.
The central bank may require policy action to return inflation to target.,The institution anticipate a rebound in economic activity.,Policymakers are seeing an improvement in net exports.,Exchange rate stability may support investor confidence.
Inflation remains currently above our target.,Fiscal stimulus has supported domestic demand.,Current account balances are stabilizing.,Policymakers are not targeting a specific exchange rate.
The institution expect inflationary pressures to ease in the coming quarters.,Growth prospects remain uneven across regions.,The central bank are seeing an improvement in net exports.,Capital inflows have supported the currency.
Inflation expectations remain well-anchored.,Labor market conditions support economic recovery.,The trade deficit is being monitored.,The currency has depreciated against major peers.
Wage growth is contributing to rising inflation.,Manufacturing output has seen a recent uptick.,The institution aim to diversify our trading partners.,Currency fluctuations pose challenges to exporters.
Inflation remains currently above our target.,Domestic growth shows signs of recovery.,The trade deficit is being monitored.,A weaker currency may support export competitiveness.
Policymakers may require policy action to return inflation to target.,Fiscal stimulus has supported domestic demand.,The trade deficit is being monitored.,Currency fluctuations pose challenges to exporters.
There is a risk of second-round effects on inflation.,Investment is picking up across sectors.,Global demand is driving export performance.,Policymakers are closely monitoring exchange rate movements.
Energy prices have a significant impact on headline inflation.,Investment is picking up across sectors.,Current account balances are stabilizing.,Capital inflows have supported the currency.
Energy prices have a significant impact on headline inflation.,Investment is picking up across sectors.,Tariffs have impacted trade volumes.,The institution are not targeting a specific exchange rate.
There is a risk of second-round effects on inflation.,Domestic growth shows signs of recovery.,The central bank aim to diversify our trading partners.,The institution are not targeting a specific exchange rate.
The central bank expect inflationary pressures to ease in the coming quarters.,Policymakers anticipate a rebound in economic activity.,The trade deficit is being monitored.,Currency fluctuations pose challenges to exporters.
Price stability is our primary mandate.,Labor market conditions support economic recovery.,Exports have been a significant factor to GDP.,The currency has depreciated against major peers.
Inflation remains currently above our target.,Consumption remains a key driver of growth.,Tariffs have impacted trade volumes.,A weaker currency may support export competitiveness.
Policymakers expect inflationary pressures to ease in the coming quarters.,Policymakers forecast a moderate expansion in GDP.,The trade deficit is being monitored.,Capital inflows have supported the currency.
Monetary policy will remain tight to combat inflation.,The institution forecast a moderate expansion in GDP.,Global demand is driving export performance.,Policymakers are closely monitoring exchange rate movements.
Policymakers may require policy action to return inflation to target.,Consumption remains a key driver of growth.,The central bank are seeing an improvement in net exports.,Capital inflows have supported the currency.
Inflation expectations remain well-anchored.,Policymakers forecast a moderate expansion in GDP.,Trade imbalances are narrowing gradually.,The central bank are closely monitoring exchange rate movements.
Wage growth is contributing to rising inflation.,Growth prospects remain uneven across regions.,Policymakers aim to diversify our trading partners.,The currency has depreciated against major peers.
Inflation expectations remain well-anchored.,Fiscal stimulus has supported domestic demand.,Exports have been a significant factor to GDP.,Exchange rate stability may support investor confidence.
Inflation remains currently above our target.,The outlook for domestic growth is cautiously optimistic.,The institution are seeing an improvement in net exports.,The institution are closely monitoring exchange rate movements.
Wage growth is contributing to rising inflation.,Labor market conditions support economic recovery.,Policymakers aim to diversify our trading partners.,A weaker currency may support export competitiveness.
Wage growth is contributing to rising inflation.,Growth prospects remain uneven across regions.,Imports have increased due to domestic demand.,A stronger currency can help moderate imported inflation.
Price stability is our primary mandate.,Fiscal stimulus has supported domestic demand.,The trade deficit is being monitored.,A weaker currency may support export competitiveness.
Wage growth is contributing to rising inflation.,Investment is picking up across sectors.,The trade deficit is being monitored.,A weaker currency may support export competitiveness.
Core inflation is showing signs of moderation.,Policymakers anticipate a rebound in economic activity.,Supply chain disruptions are affecting trade flows.,A stronger currency can help moderate imported inflation.
The central bank may require policy action to return inflation to target.,Policymakers forecast a moderate expansion in GDP.,Trade imbalances are narrowing gradually.,A weaker currency may support export competitiveness.
There is a risk of second-round effects on inflation.,Fiscal stimulus has supported domestic demand.,Supply chain disruptions are affecting trade flows.,Market forces primarily determine the exchange rate.
Inflation remains currently above our target.,Domestic growth shows signs of recovery.,Trade imbalances are narrowing gradually.,The institution are not targeting a specific exchange rate.
The central bank may require policy action to return inflation to target.,The central bank anticipate a rebound in economic activity.,Current account balances are stabilizing.,The institution are not targeting a specific exchange rate.
Monetary policy will remain tight to combat inflation.,The institution anticipate a rebound in economic activity.,The central bank are seeing an improvement in net exports.,Policymakers are closely monitoring exchange rate movements.
Core inflation is showing signs of moderation.,Labor market conditions support economic recovery.,The institution aim to diversify our trading partners.,The institution are closely monitoring exchange rate movements.
Monetary policy will remain tight to combat inflation.,Domestic growth shows signs of recovery.,Exports have been a significant factor to GDP.,The central bank are not targeting a specific exchange rate.
Policymakers expect inflationary pressures to ease in the coming quarters.,Domestic growth shows signs of recovery.,The trade deficit is being monitored.,The institution are not targeting a specific exchange rate.
Energy prices have a significant impact on headline inflation.,Policymakers forecast a moderate expansion in GDP.,Tariffs have impacted trade volumes.,A stronger currency can help moderate imported inflation.
Inflation expectations remain well-anchored.,Domestic growth shows signs of recovery.,The central bank are seeing an improvement in net exports.,The central bank are closely monitoring exchange rate movements.
There is a risk of second-round effects on inflation.,The institution forecast a moderate expansion in GDP.,Exports have been a significant factor to GDP.,Exchange rate stability may support investor confidence.
Price stability is our primary mandate.,Domestic growth shows signs of recovery.,Tariffs have impacted trade volumes.,Currency fluctuations pose challenges to exporters.
Energy prices have a significant impact on headline inflation.,Labor market conditions support economic recovery.,Current account balances are stabilizing.,Exchange rate stability may support investor confidence.
Policymakers may require policy action to return inflation to target.,Fiscal stimulus has supported domestic demand.,Imports have increased due to domestic demand.,Exchange rate stability may support investor confidence.
Wage growth is contributing to rising inflation.,Manufacturing output has seen a recent uptick.,Tariffs have impacted trade volumes.,Exchange rate stability may support investor confidence.
Price stability is our primary mandate.,Investment is picking up across sectors.,The trade deficit is being monitored.,A stronger currency can help moderate imported inflation.
Inflation remains currently above our target.,Manufacturing output has seen a recent uptick.,Current account balances are stabilizing.,The currency has depreciated against major peers.
