Factor,Sentence
Interest Rates,Central bank rate hikes can strengthen a FX rate.
Interest Rates,Central bank rate hikes can strengthen a currency value.
Interest Rates,Higher interest rates attract foreign investment.
Interest Rates,Central bank rate hikes can strengthen a currency value.
Interest Rates,Central bank rate hikes can strengthen a FX rate.
Interest Rates,Higher interest rates attract foreign investment.
Interest Rates,Interest rate changes influence FX rate valuation.
Interest Rates,Higher interest rates attract foreign investment.
Interest Rates,Central bank rate hikes can strengthen a exchange rate.
Interest Rates,Central bank rate hikes can strengthen a foreign exchange rate.
Interest Rates,Central bank rate hikes can strengthen a FX rate.
Interest Rates,Central bank rate hikes can strengthen a foreign exchange rate.
Interest Rates,Central bank rate hikes can strengthen a foreign exchange rate.
Interest Rates,Interest rate changes influence exchange rate valuation.
Interest Rates,Higher interest rates attract foreign investment.
Interest Rates,Higher interest rates attract foreign investment.
Interest Rates,Higher interest rates attract foreign investment.
Interest Rates,Central bank rate hikes can strengthen a FX rate.
Interest Rates,Central bank rate hikes can strengthen a foreign exchange rate.
Interest Rates,Central bank rate hikes can strengthen a exchange rate.
Interest Rates,Central bank rate hikes can strengthen a exchange rate.
Interest Rates,Higher interest rates attract foreign investment.
Interest Rates,Central bank rate hikes can strengthen a FX rate.
Interest Rates,Central bank rate hikes can strengthen a currency value.
Interest Rates,Central bank rate hikes can strengthen a FX rate.
Interest Rates,Interest rate changes influence currency value valuation.
Interest Rates,Interest rate changes influence foreign exchange rate valuation.
Interest Rates,Central bank rate hikes can strengthen a exchange rate.
Interest Rates,Interest rate changes influence currency value valuation.
Interest Rates,Interest rate changes influence exchange rate valuation.
Interest Rates,Higher interest rates attract foreign investment.
Interest Rates,Central bank rate hikes can strengthen a currency value.
Interest Rates,Higher interest rates attract foreign investment.
Interest Rates,Interest rate changes influence foreign exchange rate valuation.
Interest Rates,Higher interest rates attract foreign investment.
Interest Rates,Central bank rate hikes can strengthen a FX rate.
Interest Rates,Interest rate changes influence currency value valuation.
Interest Rates,Higher interest rates attract foreign investment.
Interest Rates,Interest rate changes influence FX rate valuation.
Interest Rates,Central bank rate hikes can strengthen a foreign exchange rate.
Interest Rates,Higher interest rates attract foreign investment.
Interest Rates,Interest rate changes influence FX rate valuation.
Interest Rates,Interest rate changes influence foreign exchange rate valuation.
Interest Rates,Interest rate changes influence FX rate valuation.
Interest Rates,Higher interest rates attract foreign investment.
Interest Rates,Interest rate changes influence foreign exchange rate valuation.
Interest Rates,Central bank rate hikes can strengthen a FX rate.
Interest Rates,Higher interest rates attract foreign investment.
Interest Rates,Central bank rate hikes can strengthen a exchange rate.
Interest Rates,Central bank rate hikes can strengthen a FX rate.
Interest Rates,Central bank rate hikes can strengthen a currency value.
Interest Rates,Interest rate changes influence currency value valuation.
Interest Rates,Higher interest rates attract foreign investment.
Interest Rates,Interest rate changes influence currency value valuation.
Interest Rates,Interest rate changes influence FX rate valuation.
Interest Rates,Higher interest rates attract foreign investment.
Interest Rates,Central bank rate hikes can strengthen a exchange rate.
Interest Rates,Central bank rate hikes can strengthen a FX rate.
Interest Rates,Interest rate changes influence FX rate valuation.
Interest Rates,Central bank rate hikes can strengthen a FX rate.
Interest Rates,Interest rate changes influence foreign exchange rate valuation.
Interest Rates,Interest rate changes influence foreign exchange rate valuation.
Interest Rates,Higher interest rates attract foreign investment.
Interest Rates,Central bank rate hikes can strengthen a exchange rate.
Interest Rates,Higher interest rates attract foreign investment.
Interest Rates,Higher interest rates attract foreign investment.
Interest Rates,Interest rate changes influence FX rate valuation.
Interest Rates,Interest rate changes influence currency value valuation.
Interest Rates,Central bank rate hikes can strengthen a currency value.
Interest Rates,Higher interest rates attract foreign investment.
Interest Rates,Interest rate changes influence foreign exchange rate valuation.
Interest Rates,Higher interest rates attract foreign investment.
Interest Rates,Higher interest rates attract foreign investment.
Interest Rates,Higher interest rates attract foreign investment.
Interest Rates,Higher interest rates attract foreign investment.
Interest Rates,Interest rate changes influence foreign exchange rate valuation.
Interest Rates,Higher interest rates attract foreign investment.
Interest Rates,Interest rate changes influence FX rate valuation.
Interest Rates,Interest rate changes influence exchange rate valuation.
Interest Rates,Central bank rate hikes can strengthen a foreign exchange rate.
Interest Rates,Central bank rate hikes can strengthen a foreign exchange rate.
Interest Rates,Higher interest rates attract foreign investment.
Interest Rates,Central bank rate hikes can strengthen a foreign exchange rate.
Interest Rates,Higher interest rates attract foreign investment.
Interest Rates,Central bank rate hikes can strengthen a FX rate.
Interest Rates,Interest rate changes influence exchange rate valuation.
Interest Rates,Central bank rate hikes can strengthen a FX rate.
Interest Rates,Central bank rate hikes can strengthen a FX rate.
Interest Rates,Central bank rate hikes can strengthen a foreign exchange rate.
Interest Rates,Higher interest rates attract foreign investment.
Interest Rates,Higher interest rates attract foreign investment.
Interest Rates,Interest rate changes influence foreign exchange rate valuation.
Interest Rates,Central bank rate hikes can strengthen a FX rate.
Interest Rates,Higher interest rates attract foreign investment.
Interest Rates,Interest rate changes influence exchange rate valuation.
Interest Rates,Interest rate changes influence exchange rate valuation.
Interest Rates,Central bank rate hikes can strengthen a currency value.
Interest Rates,Central bank rate hikes can strengthen a currency value.
Interest Rates,Higher interest rates attract foreign investment.
Interest Rates,Interest rate changes influence foreign exchange rate valuation.
Inflation Rates,Currencies tend to weaken in high inflation environments.
Inflation Rates,Inflation reduces the buying power of money.
Inflation Rates,High inflation usually leads to exchange rate depreciation.
Inflation Rates,Currencies tend to weaken in high inflation environments.
Inflation Rates,High inflation usually leads to FX rate depreciation.
Inflation Rates,High inflation usually leads to FX rate depreciation.
Inflation Rates,Currencies tend to weaken in high inflation environments.
Inflation Rates,Currencies tend to weaken in high inflation environments.
Inflation Rates,Inflation reduces the buying power of money.
Inflation Rates,Inflation reduces the buying power of money.
Inflation Rates,Inflation reduces the buying power of money.
Inflation Rates,Inflation reduces the buying power of money.
Inflation Rates,Inflation reduces the buying power of money.
Inflation Rates,High inflation usually leads to FX rate depreciation.
Inflation Rates,Currencies tend to weaken in high inflation environments.
Inflation Rates,Currencies tend to weaken in high inflation environments.
Inflation Rates,High inflation usually leads to FX rate depreciation.
Inflation Rates,High inflation usually leads to FX rate depreciation.
Inflation Rates,High inflation usually leads to foreign exchange rate depreciation.
Inflation Rates,Currencies tend to weaken in high inflation environments.
Inflation Rates,Currencies tend to weaken in high inflation environments.
Inflation Rates,High inflation usually leads to foreign exchange rate depreciation.
Inflation Rates,Currencies tend to weaken in high inflation environments.
Inflation Rates,High inflation usually leads to foreign exchange rate depreciation.
Inflation Rates,High inflation usually leads to FX rate depreciation.
Inflation Rates,High inflation usually leads to exchange rate depreciation.
Inflation Rates,Inflation reduces the buying power of money.
Inflation Rates,Currencies tend to weaken in high inflation environments.
Inflation Rates,Inflation reduces the buying power of money.
Inflation Rates,Inflation reduces the buying power of money.
Inflation Rates,Inflation reduces the buying power of money.
Inflation Rates,Currencies tend to weaken in high inflation environments.
Inflation Rates,High inflation usually leads to FX rate depreciation.
Inflation Rates,Currencies tend to weaken in high inflation environments.
Inflation Rates,High inflation usually leads to currency value depreciation.
Inflation Rates,Currencies tend to weaken in high inflation environments.
Inflation Rates,Currencies tend to weaken in high inflation environments.
Inflation Rates,High inflation usually leads to foreign exchange rate depreciation.
Inflation Rates,High inflation usually leads to currency value depreciation.
Inflation Rates,Currencies tend to weaken in high inflation environments.
Inflation Rates,High inflation usually leads to foreign exchange rate depreciation.
Inflation Rates,Currencies tend to weaken in high inflation environments.
Inflation Rates,High inflation usually leads to foreign exchange rate depreciation.
Inflation Rates,Inflation reduces the buying power of money.
Inflation Rates,Currencies tend to weaken in high inflation environments.
Inflation Rates,High inflation usually leads to foreign exchange rate depreciation.
Inflation Rates,Currencies tend to weaken in high inflation environments.
Inflation Rates,Inflation reduces the buying power of money.
Inflation Rates,High inflation usually leads to foreign exchange rate depreciation.
Inflation Rates,High inflation usually leads to foreign exchange rate depreciation.
Inflation Rates,Currencies tend to weaken in high inflation environments.
Inflation Rates,High inflation usually leads to currency value depreciation.
Inflation Rates,Currencies tend to weaken in high inflation environments.
Inflation Rates,Inflation reduces the buying power of money.
Inflation Rates,Inflation reduces the buying power of money.
Inflation Rates,High inflation usually leads to FX rate depreciation.
Inflation Rates,Inflation reduces the buying power of money.
Inflation Rates,Currencies tend to weaken in high inflation environments.
Inflation Rates,Inflation reduces the buying power of money.
Inflation Rates,High inflation usually leads to foreign exchange rate depreciation.
Inflation Rates,Currencies tend to weaken in high inflation environments.
Inflation Rates,High inflation usually leads to exchange rate depreciation.
Inflation Rates,High inflation usually leads to exchange rate depreciation.
Inflation Rates,High inflation usually leads to foreign exchange rate depreciation.
Inflation Rates,Currencies tend to weaken in high inflation environments.
Inflation Rates,Inflation reduces the buying power of money.
Inflation Rates,High inflation usually leads to exchange rate depreciation.
Inflation Rates,High inflation usually leads to currency value depreciation.
Inflation Rates,Inflation reduces the buying power of money.
Inflation Rates,Inflation reduces the buying power of money.
Inflation Rates,High inflation usually leads to exchange rate depreciation.
Inflation Rates,High inflation usually leads to exchange rate depreciation.
Inflation Rates,Inflation reduces the buying power of money.
Inflation Rates,High inflation usually leads to exchange rate depreciation.
Inflation Rates,Inflation reduces the buying power of money.
Inflation Rates,Inflation reduces the buying power of money.
Inflation Rates,Inflation reduces the buying power of money.
Inflation Rates,Currencies tend to weaken in high inflation environments.
Inflation Rates,Inflation reduces the buying power of money.
Inflation Rates,Inflation reduces the buying power of money.
Inflation Rates,Currencies tend to weaken in high inflation environments.
Inflation Rates,Currencies tend to weaken in high inflation environments.
Inflation Rates,Inflation reduces the buying power of money.
Inflation Rates,High inflation usually leads to FX rate depreciation.
Inflation Rates,Inflation reduces the buying power of money.
Inflation Rates,Inflation reduces the buying power of money.
Inflation Rates,High inflation usually leads to exchange rate depreciation.
Inflation Rates,High inflation usually leads to currency value depreciation.
Inflation Rates,Currencies tend to weaken in high inflation environments.
Inflation Rates,Currencies tend to weaken in high inflation environments.
Inflation Rates,High inflation usually leads to exchange rate depreciation.
Inflation Rates,Currencies tend to weaken in high inflation environments.
Inflation Rates,Inflation reduces the buying power of money.
Inflation Rates,High inflation usually leads to FX rate depreciation.
Inflation Rates,High inflation usually leads to FX rate depreciation.
Inflation Rates,Inflation reduces the buying power of money.
Inflation Rates,High inflation usually leads to exchange rate depreciation.
Inflation Rates,Inflation reduces the buying power of money.
Inflation Rates,High inflation usually leads to FX rate depreciation.
Inflation Rates,Inflation reduces the buying power of money.
Balance of Payments,Trade surpluses can strengthen a nation's FX rate.
Balance of Payments,A deficit in the current account can reduce foreign exchange rate value.
Balance of Payments,The balance of payments impacts long-term exchange rates.
Balance of Payments,The balance of payments impacts long-term exchange rates.
Balance of Payments,The balance of payments impacts long-term exchange rates.
Balance of Payments,A deficit in the current account can reduce foreign exchange rate value.
Balance of Payments,A deficit in the current account can reduce currency value value.
Balance of Payments,A deficit in the current account can reduce foreign exchange rate value.
Balance of Payments,Trade surpluses can strengthen a nation's exchange rate.
Balance of Payments,A deficit in the current account can reduce currency value value.
Balance of Payments,The balance of payments impacts long-term exchange rates.
Balance of Payments,Trade surpluses can strengthen a nation's currency value.
Balance of Payments,Trade surpluses can strengthen a nation's currency value.
Balance of Payments,The balance of payments impacts long-term exchange rates.
Balance of Payments,Trade surpluses can strengthen a nation's foreign exchange rate.
Balance of Payments,Trade surpluses can strengthen a nation's FX rate.
Balance of Payments,The balance of payments impacts long-term exchange rates.
Balance of Payments,Trade surpluses can strengthen a nation's foreign exchange rate.
Balance of Payments,Trade surpluses can strengthen a nation's exchange rate.
Balance of Payments,The balance of payments impacts long-term exchange rates.
Balance of Payments,Trade surpluses can strengthen a nation's FX rate.
Balance of Payments,The balance of payments impacts long-term exchange rates.
Balance of Payments,The balance of payments impacts long-term exchange rates.
Balance of Payments,The balance of payments impacts long-term exchange rates.
Balance of Payments,The balance of payments impacts long-term exchange rates.
Balance of Payments,Trade surpluses can strengthen a nation's foreign exchange rate.
Balance of Payments,The balance of payments impacts long-term exchange rates.
Balance of Payments,A deficit in the current account can reduce currency value value.
Balance of Payments,A deficit in the current account can reduce currency value value.
Balance of Payments,Trade surpluses can strengthen a nation's FX rate.
Balance of Payments,A deficit in the current account can reduce exchange rate value.
Balance of Payments,The balance of payments impacts long-term exchange rates.
Balance of Payments,The balance of payments impacts long-term exchange rates.
Balance of Payments,The balance of payments impacts long-term exchange rates.
Balance of Payments,A deficit in the current account can reduce exchange rate value.
Balance of Payments,Trade surpluses can strengthen a nation's currency value.
Balance of Payments,The balance of payments impacts long-term exchange rates.
Balance of Payments,The balance of payments impacts long-term exchange rates.
Balance of Payments,The balance of payments impacts long-term exchange rates.
Balance of Payments,A deficit in the current account can reduce foreign exchange rate value.
Balance of Payments,A deficit in the current account can reduce foreign exchange rate value.
Balance of Payments,The balance of payments impacts long-term exchange rates.
Balance of Payments,A deficit in the current account can reduce exchange rate value.
Balance of Payments,The balance of payments impacts long-term exchange rates.
Balance of Payments,Trade surpluses can strengthen a nation's currency value.
Balance of Payments,The balance of payments impacts long-term exchange rates.
Balance of Payments,A deficit in the current account can reduce foreign exchange rate value.
Balance of Payments,The balance of payments impacts long-term exchange rates.
Balance of Payments,A deficit in the current account can reduce FX rate value.
Balance of Payments,Trade surpluses can strengthen a nation's FX rate.
Balance of Payments,The balance of payments impacts long-term exchange rates.
Balance of Payments,Trade surpluses can strengthen a nation's currency value.
Balance of Payments,Trade surpluses can strengthen a nation's exchange rate.
Balance of Payments,The balance of payments impacts long-term exchange rates.
Balance of Payments,The balance of payments impacts long-term exchange rates.
Balance of Payments,A deficit in the current account can reduce FX rate value.
Balance of Payments,A deficit in the current account can reduce currency value value.
Balance of Payments,Trade surpluses can strengthen a nation's currency value.
Balance of Payments,A deficit in the current account can reduce currency value value.
Balance of Payments,A deficit in the current account can reduce foreign exchange rate value.
Balance of Payments,Trade surpluses can strengthen a nation's foreign exchange rate.
Balance of Payments,A deficit in the current account can reduce currency value value.
Balance of Payments,Trade surpluses can strengthen a nation's exchange rate.
Balance of Payments,The balance of payments impacts long-term exchange rates.
Balance of Payments,The balance of payments impacts long-term exchange rates.
Balance of Payments,A deficit in the current account can reduce foreign exchange rate value.
Balance of Payments,Trade surpluses can strengthen a nation's exchange rate.
Balance of Payments,A deficit in the current account can reduce currency value value.
Balance of Payments,A deficit in the current account can reduce FX rate value.
Balance of Payments,A deficit in the current account can reduce foreign exchange rate value.
Balance of Payments,The balance of payments impacts long-term exchange rates.
Balance of Payments,Trade surpluses can strengthen a nation's currency value.
Balance of Payments,Trade surpluses can strengthen a nation's currency value.
Balance of Payments,The balance of payments impacts long-term exchange rates.
Balance of Payments,Trade surpluses can strengthen a nation's currency value.
Balance of Payments,Trade surpluses can strengthen a nation's FX rate.
Balance of Payments,The balance of payments impacts long-term exchange rates.
Balance of Payments,The balance of payments impacts long-term exchange rates.
Balance of Payments,A deficit in the current account can reduce exchange rate value.
Balance of Payments,Trade surpluses can strengthen a nation's foreign exchange rate.
Balance of Payments,Trade surpluses can strengthen a nation's FX rate.
Balance of Payments,A deficit in the current account can reduce FX rate value.
Balance of Payments,Trade surpluses can strengthen a nation's FX rate.
Balance of Payments,The balance of payments impacts long-term exchange rates.
Balance of Payments,The balance of payments impacts long-term exchange rates.
Balance of Payments,Trade surpluses can strengthen a nation's foreign exchange rate.
Balance of Payments,Trade surpluses can strengthen a nation's foreign exchange rate.
Balance of Payments,Trade surpluses can strengthen a nation's FX rate.
Balance of Payments,A deficit in the current account can reduce currency value value.
Balance of Payments,A deficit in the current account can reduce exchange rate value.
Balance of Payments,A deficit in the current account can reduce foreign exchange rate value.
Balance of Payments,A deficit in the current account can reduce foreign exchange rate value.
Balance of Payments,A deficit in the current account can reduce FX rate value.
Balance of Payments,Trade surpluses can strengthen a nation's FX rate.
Balance of Payments,The balance of payments impacts long-term exchange rates.
Balance of Payments,A deficit in the current account can reduce currency value value.
Balance of Payments,A deficit in the current account can reduce currency value value.
Balance of Payments,Trade surpluses can strengthen a nation's FX rate.
Balance of Payments,A deficit in the current account can reduce exchange rate value.
Balance of Payments,The balance of payments impacts long-term exchange rates.
GDP Growth,Growing GDP is a positive signal for currency value markets.
GDP Growth,Economic growth boosts investor confidence in a country.
GDP Growth,Growing GDP is a positive signal for foreign exchange rate markets.
GDP Growth,Strong GDP growth can lead to a stronger exchange rate.
GDP Growth,Economic growth boosts investor confidence in a country.
GDP Growth,Strong GDP growth can lead to a stronger exchange rate.
GDP Growth,Growing GDP is a positive signal for exchange rate markets.
GDP Growth,Strong GDP growth can lead to a stronger currency value.
GDP Growth,Economic growth boosts investor confidence in a country.
GDP Growth,Economic growth boosts investor confidence in a country.
GDP Growth,Economic growth boosts investor confidence in a country.
GDP Growth,Economic growth boosts investor confidence in a country.
GDP Growth,Strong GDP growth can lead to a stronger foreign exchange rate.
GDP Growth,Economic growth boosts investor confidence in a country.
GDP Growth,Growing GDP is a positive signal for exchange rate markets.
GDP Growth,Economic growth boosts investor confidence in a country.
GDP Growth,Economic growth boosts investor confidence in a country.
GDP Growth,Strong GDP growth can lead to a stronger exchange rate.
GDP Growth,Growing GDP is a positive signal for foreign exchange rate markets.
GDP Growth,Growing GDP is a positive signal for foreign exchange rate markets.
GDP Growth,Economic growth boosts investor confidence in a country.
GDP Growth,Economic growth boosts investor confidence in a country.
GDP Growth,Strong GDP growth can lead to a stronger exchange rate.
GDP Growth,Strong GDP growth can lead to a stronger currency value.
GDP Growth,Strong GDP growth can lead to a stronger exchange rate.
GDP Growth,Strong GDP growth can lead to a stronger FX rate.
GDP Growth,Growing GDP is a positive signal for currency value markets.
GDP Growth,Growing GDP is a positive signal for FX rate markets.
GDP Growth,Growing GDP is a positive signal for exchange rate markets.
GDP Growth,Economic growth boosts investor confidence in a country.
GDP Growth,Economic growth boosts investor confidence in a country.
GDP Growth,Growing GDP is a positive signal for currency value markets.
GDP Growth,Strong GDP growth can lead to a stronger currency value.
GDP Growth,Economic growth boosts investor confidence in a country.
GDP Growth,Growing GDP is a positive signal for foreign exchange rate markets.
GDP Growth,Strong GDP growth can lead to a stronger exchange rate.
GDP Growth,Growing GDP is a positive signal for currency value markets.
GDP Growth,Economic growth boosts investor confidence in a country.
GDP Growth,Strong GDP growth can lead to a stronger currency value.
GDP Growth,Economic growth boosts investor confidence in a country.
GDP Growth,Growing GDP is a positive signal for currency value markets.
GDP Growth,Growing GDP is a positive signal for exchange rate markets.
GDP Growth,Growing GDP is a positive signal for exchange rate markets.
GDP Growth,Strong GDP growth can lead to a stronger foreign exchange rate.
GDP Growth,Strong GDP growth can lead to a stronger FX rate.
GDP Growth,Economic growth boosts investor confidence in a country.
GDP Growth,Strong GDP growth can lead to a stronger currency value.
GDP Growth,Strong GDP growth can lead to a stronger FX rate.
GDP Growth,Growing GDP is a positive signal for currency value markets.
GDP Growth,Economic growth boosts investor confidence in a country.
GDP Growth,Strong GDP growth can lead to a stronger currency value.
GDP Growth,Economic growth boosts investor confidence in a country.
GDP Growth,Strong GDP growth can lead to a stronger exchange rate.
GDP Growth,Growing GDP is a positive signal for FX rate markets.
GDP Growth,Growing GDP is a positive signal for currency value markets.
GDP Growth,Strong GDP growth can lead to a stronger exchange rate.
GDP Growth,Strong GDP growth can lead to a stronger FX rate.
GDP Growth,Strong GDP growth can lead to a stronger FX rate.
GDP Growth,Growing GDP is a positive signal for foreign exchange rate markets.
GDP Growth,Strong GDP growth can lead to a stronger exchange rate.
GDP Growth,Economic growth boosts investor confidence in a country.
GDP Growth,Economic growth boosts investor confidence in a country.
GDP Growth,Growing GDP is a positive signal for foreign exchange rate markets.
GDP Growth,Economic growth boosts investor confidence in a country.
GDP Growth,Strong GDP growth can lead to a stronger currency value.
GDP Growth,Strong GDP growth can lead to a stronger FX rate.
GDP Growth,Economic growth boosts investor confidence in a country.
GDP Growth,Strong GDP growth can lead to a stronger currency value.
GDP Growth,Economic growth boosts investor confidence in a country.
GDP Growth,Strong GDP growth can lead to a stronger foreign exchange rate.
GDP Growth,Strong GDP growth can lead to a stronger currency value.
GDP Growth,Strong GDP growth can lead to a stronger foreign exchange rate.
GDP Growth,Economic growth boosts investor confidence in a country.
GDP Growth,Growing GDP is a positive signal for FX rate markets.
GDP Growth,Economic growth boosts investor confidence in a country.
GDP Growth,Strong GDP growth can lead to a stronger foreign exchange rate.
GDP Growth,Strong GDP growth can lead to a stronger foreign exchange rate.
GDP Growth,Growing GDP is a positive signal for FX rate markets.
GDP Growth,Economic growth boosts investor confidence in a country.
GDP Growth,Growing GDP is a positive signal for exchange rate markets.
GDP Growth,Growing GDP is a positive signal for FX rate markets.
GDP Growth,Strong GDP growth can lead to a stronger exchange rate.
GDP Growth,Growing GDP is a positive signal for currency value markets.
GDP Growth,Economic growth boosts investor confidence in a country.
GDP Growth,Economic growth boosts investor confidence in a country.
GDP Growth,Strong GDP growth can lead to a stronger currency value.
GDP Growth,Economic growth boosts investor confidence in a country.
GDP Growth,Economic growth boosts investor confidence in a country.
GDP Growth,Strong GDP growth can lead to a stronger foreign exchange rate.
GDP Growth,Growing GDP is a positive signal for exchange rate markets.
GDP Growth,Strong GDP growth can lead to a stronger foreign exchange rate.
GDP Growth,Strong GDP growth can lead to a stronger foreign exchange rate.
GDP Growth,Economic growth boosts investor confidence in a country.
GDP Growth,Economic growth boosts investor confidence in a country.
GDP Growth,Growing GDP is a positive signal for FX rate markets.
GDP Growth,Economic growth boosts investor confidence in a country.
GDP Growth,Growing GDP is a positive signal for foreign exchange rate markets.
GDP Growth,Strong GDP growth can lead to a stronger foreign exchange rate.
GDP Growth,Growing GDP is a positive signal for exchange rate markets.
GDP Growth,Strong GDP growth can lead to a stronger exchange rate.
Political Stability,Political stability supports a strong currency value.
Political Stability,Currencies often weaken during political crises.
Political Stability,Political stability supports a strong currency value.
Political Stability,Stable governments attract international institutions.
Political Stability,Stable governments attract international market participants.
Political Stability,Political stability supports a strong exchange rate.
Political Stability,Currencies often weaken during political crises.
Political Stability,Political stability supports a strong FX rate.
Political Stability,Political stability supports a strong FX rate.
Political Stability,Political stability supports a strong exchange rate.
Political Stability,Currencies often weaken during political crises.
Political Stability,Stable governments attract international market participants.
Political Stability,Political stability supports a strong FX rate.
Political Stability,Currencies often weaken during political crises.
Political Stability,Currencies often weaken during political crises.
Political Stability,Stable governments attract international market participants.
Political Stability,Stable governments attract international institutions.
Political Stability,Currencies often weaken during political crises.
Political Stability,Currencies often weaken during political crises.
Political Stability,Stable governments attract international institutions.
Political Stability,Currencies often weaken during political crises.
Political Stability,Currencies often weaken during political crises.
Political Stability,Currencies often weaken during political crises.
Political Stability,Currencies often weaken during political crises.
Political Stability,Currencies often weaken during political crises.
Political Stability,Currencies often weaken during political crises.
Political Stability,Currencies often weaken during political crises.
Political Stability,Political stability supports a strong exchange rate.
Political Stability,Political stability supports a strong currency value.
Political Stability,Currencies often weaken during political crises.
Political Stability,Stable governments attract international traders.
Political Stability,Stable governments attract international institutions.
Political Stability,Political stability supports a strong currency value.
Political Stability,Currencies often weaken during political crises.
Political Stability,Stable governments attract international market participants.
Political Stability,Stable governments attract international traders.
Political Stability,Stable governments attract international institutions.
Political Stability,Stable governments attract international institutions.
Political Stability,Political stability supports a strong foreign exchange rate.
Political Stability,Currencies often weaken during political crises.
Political Stability,Stable governments attract international institutions.
Political Stability,Currencies often weaken during political crises.
Political Stability,Political stability supports a strong foreign exchange rate.
Political Stability,Currencies often weaken during political crises.
Political Stability,Currencies often weaken during political crises.
Political Stability,Stable governments attract international traders.
Political Stability,Currencies often weaken during political crises.
Political Stability,Currencies often weaken during political crises.
Political Stability,Currencies often weaken during political crises.
Political Stability,Stable governments attract international market participants.
Political Stability,Political stability supports a strong FX rate.
Political Stability,Stable governments attract international traders.
Political Stability,Currencies often weaken during political crises.
Political Stability,Currencies often weaken during political crises.
Political Stability,Political stability supports a strong foreign exchange rate.
Political Stability,Stable governments attract international traders.
Political Stability,Political stability supports a strong currency value.
Political Stability,Stable governments attract international traders.
Political Stability,Stable governments attract international market participants.
Political Stability,Currencies often weaken during political crises.
Political Stability,Currencies often weaken during political crises.
Political Stability,Currencies often weaken during political crises.
Political Stability,Currencies often weaken during political crises.
Political Stability,Stable governments attract international traders.
Political Stability,Political stability supports a strong FX rate.
Political Stability,Currencies often weaken during political crises.
Political Stability,Currencies often weaken during political crises.
Political Stability,Currencies often weaken during political crises.
Political Stability,Political stability supports a strong exchange rate.
Political Stability,Stable governments attract international traders.
Political Stability,Stable governments attract international institutions.
Political Stability,Stable governments attract international market participants.
Political Stability,Stable governments attract international traders.
Political Stability,Political stability supports a strong exchange rate.
Political Stability,Stable governments attract international traders.
Political Stability,Stable governments attract international institutions.
Political Stability,Political stability supports a strong foreign exchange rate.
Political Stability,Currencies often weaken during political crises.
Political Stability,Currencies often weaken during political crises.
Political Stability,Political stability supports a strong FX rate.
Political Stability,Currencies often weaken during political crises.
Political Stability,Political stability supports a strong currency value.
Political Stability,Political stability supports a strong currency value.
Political Stability,Currencies often weaken during political crises.
Political Stability,Political stability supports a strong exchange rate.
Political Stability,Stable governments attract international market participants.
Political Stability,Currencies often weaken during political crises.
Political Stability,Currencies often weaken during political crises.
Political Stability,Currencies often weaken during political crises.
Political Stability,Stable governments attract international traders.
Political Stability,Political stability supports a strong foreign exchange rate.
Political Stability,Stable governments attract international traders.
Political Stability,Stable governments attract international market participants.
Political Stability,Political stability supports a strong foreign exchange rate.
Political Stability,Currencies often weaken during political crises.
Political Stability,Political stability supports a strong foreign exchange rate.
Political Stability,Currencies often weaken during political crises.
Political Stability,Stable governments attract international traders.
Political Stability,Political stability supports a strong exchange rate.
Political Stability,Stable governments attract international institutions.
Government Debt,Rising national debt may lower currency value value.
Government Debt,Government borrowing levels can affect exchange rates.
Government Debt,Investors are wary of countries with high debt.
Government Debt,Investors are wary of countries with high debt.
Government Debt,Government borrowing levels can affect exchange rates.
Government Debt,Rising national debt may lower currency value value.
Government Debt,Investors are wary of countries with high debt.
Government Debt,Investors are wary of countries with high debt.
Government Debt,Government borrowing levels can affect exchange rates.
Government Debt,Government borrowing levels can affect exchange rates.
Government Debt,Rising national debt may lower foreign exchange rate value.
Government Debt,Government borrowing levels can affect exchange rates.
Government Debt,Government borrowing levels can affect exchange rates.
Government Debt,Investors are wary of countries with high debt.
Government Debt,Investors are wary of countries with high debt.
Government Debt,Rising national debt may lower FX rate value.
Government Debt,Investors are wary of countries with high debt.
Government Debt,Investors are wary of countries with high debt.
Government Debt,Rising national debt may lower exchange rate value.
Government Debt,Government borrowing levels can affect exchange rates.
Government Debt,Government borrowing levels can affect exchange rates.
Government Debt,Investors are wary of countries with high debt.
Government Debt,Government borrowing levels can affect exchange rates.
Government Debt,Rising national debt may lower currency value value.
Government Debt,Investors are wary of countries with high debt.
Government Debt,Investors are wary of countries with high debt.
Government Debt,Rising national debt may lower currency value value.
Government Debt,Government borrowing levels can affect exchange rates.
Government Debt,Government borrowing levels can affect exchange rates.
Government Debt,Rising national debt may lower FX rate value.
Government Debt,Government borrowing levels can affect exchange rates.
Government Debt,Rising national debt may lower currency value value.
Government Debt,Rising national debt may lower foreign exchange rate value.
Government Debt,Rising national debt may lower foreign exchange rate value.
Government Debt,Rising national debt may lower FX rate value.
Government Debt,Government borrowing levels can affect exchange rates.
Government Debt,Government borrowing levels can affect exchange rates.
Government Debt,Investors are wary of countries with high debt.
Government Debt,Investors are wary of countries with high debt.
Government Debt,Rising national debt may lower currency value value.
Government Debt,Rising national debt may lower FX rate value.
Government Debt,Government borrowing levels can affect exchange rates.
Government Debt,Government borrowing levels can affect exchange rates.
Government Debt,Government borrowing levels can affect exchange rates.
Government Debt,Rising national debt may lower FX rate value.
Government Debt,Investors are wary of countries with high debt.
Government Debt,Investors are wary of countries with high debt.
Government Debt,Investors are wary of countries with high debt.
Government Debt,Rising national debt may lower FX rate value.
Government Debt,Investors are wary of countries with high debt.
Government Debt,Government borrowing levels can affect exchange rates.
Government Debt,Investors are wary of countries with high debt.
Government Debt,Investors are wary of countries with high debt.
Government Debt,Government borrowing levels can affect exchange rates.
Government Debt,Rising national debt may lower exchange rate value.
Government Debt,Government borrowing levels can affect exchange rates.
Government Debt,Government borrowing levels can affect exchange rates.
Government Debt,Government borrowing levels can affect exchange rates.
Government Debt,Government borrowing levels can affect exchange rates.
Government Debt,Rising national debt may lower FX rate value.
Government Debt,Government borrowing levels can affect exchange rates.
Government Debt,Government borrowing levels can affect exchange rates.
Government Debt,Investors are wary of countries with high debt.
Government Debt,Government borrowing levels can affect exchange rates.
Government Debt,Rising national debt may lower foreign exchange rate value.
Government Debt,Government borrowing levels can affect exchange rates.
Government Debt,Investors are wary of countries with high debt.
Government Debt,Rising national debt may lower currency value value.
Government Debt,Government borrowing levels can affect exchange rates.
Government Debt,Government borrowing levels can affect exchange rates.
Government Debt,Rising national debt may lower FX rate value.
Government Debt,Investors are wary of countries with high debt.
Government Debt,Rising national debt may lower currency value value.
Government Debt,Investors are wary of countries with high debt.
Government Debt,Investors are wary of countries with high debt.
Government Debt,Rising national debt may lower FX rate value.
Government Debt,Government borrowing levels can affect exchange rates.
Government Debt,Investors are wary of countries with high debt.
Government Debt,Investors are wary of countries with high debt.
Government Debt,Investors are wary of countries with high debt.
Government Debt,Rising national debt may lower exchange rate value.
Government Debt,Rising national debt may lower foreign exchange rate value.
Government Debt,Government borrowing levels can affect exchange rates.
Government Debt,Rising national debt may lower foreign exchange rate value.
Government Debt,Government borrowing levels can affect exchange rates.
Government Debt,Government borrowing levels can affect exchange rates.
Government Debt,Investors are wary of countries with high debt.
Government Debt,Rising national debt may lower foreign exchange rate value.
Government Debt,Government borrowing levels can affect exchange rates.
Government Debt,Government borrowing levels can affect exchange rates.
Government Debt,Government borrowing levels can affect exchange rates.
Government Debt,Rising national debt may lower foreign exchange rate value.
Government Debt,Rising national debt may lower currency value value.
Government Debt,Government borrowing levels can affect exchange rates.
Government Debt,Investors are wary of countries with high debt.
Government Debt,Rising national debt may lower exchange rate value.
Government Debt,Investors are wary of countries with high debt.
Government Debt,Rising national debt may lower exchange rate value.
Government Debt,Investors are wary of countries with high debt.
Government Debt,Government borrowing levels can affect exchange rates.
Market Sentiment,Market sentiment drives short-term FX rate movements.
Market Sentiment,Market sentiment drives short-term foreign exchange rate movements.
Market Sentiment,Market sentiment drives short-term FX rate movements.
Market Sentiment,Trader confidence influences forex rates.
Market Sentiment,Investor mood plays a role in exchange rate volatility.
Market Sentiment,Trader confidence influences forex rates.
Market Sentiment,Trader confidence influences forex rates.
Market Sentiment,Investor mood plays a role in exchange rate volatility.
Market Sentiment,Investor mood plays a role in exchange rate volatility.
Market Sentiment,Market sentiment drives short-term foreign exchange rate movements.
Market Sentiment,Market sentiment drives short-term exchange rate movements.
Market Sentiment,Market sentiment drives short-term foreign exchange rate movements.
Market Sentiment,Market sentiment drives short-term FX rate movements.
Market Sentiment,Trader confidence influences forex rates.
Market Sentiment,Trader confidence influences forex rates.
Market Sentiment,Trader confidence influences forex rates.
Market Sentiment,Trader confidence influences forex rates.
Market Sentiment,Investor mood plays a role in exchange rate volatility.
Market Sentiment,Trader confidence influences forex rates.
Market Sentiment,Investor mood plays a role in exchange rate volatility.
Market Sentiment,Investor mood plays a role in exchange rate volatility.
Market Sentiment,Investor mood plays a role in exchange rate volatility.
Market Sentiment,Investor mood plays a role in exchange rate volatility.
Market Sentiment,Investor mood plays a role in exchange rate volatility.
Market Sentiment,Investor mood plays a role in exchange rate volatility.
Market Sentiment,Market sentiment drives short-term FX rate movements.
Market Sentiment,Market sentiment drives short-term FX rate movements.
Market Sentiment,Market sentiment drives short-term currency value movements.
Market Sentiment,Investor mood plays a role in exchange rate volatility.
Market Sentiment,Investor mood plays a role in exchange rate volatility.
Market Sentiment,Trader confidence influences forex rates.
Market Sentiment,Market sentiment drives short-term exchange rate movements.
Market Sentiment,Market sentiment drives short-term foreign exchange rate movements.
Market Sentiment,Investor mood plays a role in exchange rate volatility.
Market Sentiment,Investor mood plays a role in exchange rate volatility.
Market Sentiment,Investor mood plays a role in exchange rate volatility.
Market Sentiment,Market sentiment drives short-term foreign exchange rate movements.
Market Sentiment,Investor mood plays a role in exchange rate volatility.
Market Sentiment,Investor mood plays a role in exchange rate volatility.
Market Sentiment,Trader confidence influences forex rates.
Market Sentiment,Trader confidence influences forex rates.
Market Sentiment,Trader confidence influences forex rates.
Market Sentiment,Investor mood plays a role in exchange rate volatility.
Market Sentiment,Investor mood plays a role in exchange rate volatility.
Market Sentiment,Market sentiment drives short-term FX rate movements.
Market Sentiment,Market sentiment drives short-term currency value movements.
Market Sentiment,Trader confidence influences forex rates.
Market Sentiment,Investor mood plays a role in exchange rate volatility.
Market Sentiment,Market sentiment drives short-term currency value movements.
Market Sentiment,Investor mood plays a role in exchange rate volatility.
Market Sentiment,Investor mood plays a role in exchange rate volatility.
Market Sentiment,Market sentiment drives short-term FX rate movements.
Market Sentiment,Investor mood plays a role in exchange rate volatility.
Market Sentiment,Trader confidence influences forex rates.
Market Sentiment,Trader confidence influences forex rates.
Market Sentiment,Market sentiment drives short-term FX rate movements.
Market Sentiment,Trader confidence influences forex rates.
Market Sentiment,Trader confidence influences forex rates.
Market Sentiment,Market sentiment drives short-term currency value movements.
Market Sentiment,Investor mood plays a role in exchange rate volatility.
Market Sentiment,Market sentiment drives short-term foreign exchange rate movements.
Market Sentiment,Market sentiment drives short-term currency value movements.
Market Sentiment,Trader confidence influences forex rates.
Market Sentiment,Trader confidence influences forex rates.
Market Sentiment,Trader confidence influences forex rates.
Market Sentiment,Investor mood plays a role in exchange rate volatility.
Market Sentiment,Market sentiment drives short-term FX rate movements.
Market Sentiment,Investor mood plays a role in exchange rate volatility.
Market Sentiment,Trader confidence influences forex rates.
Market Sentiment,Market sentiment drives short-term foreign exchange rate movements.
Market Sentiment,Trader confidence influences forex rates.
Market Sentiment,Market sentiment drives short-term FX rate movements.
Market Sentiment,Market sentiment drives short-term currency value movements.
Market Sentiment,Investor mood plays a role in exchange rate volatility.
Market Sentiment,Market sentiment drives short-term FX rate movements.
Market Sentiment,Investor mood plays a role in exchange rate volatility.
Market Sentiment,Investor mood plays a role in exchange rate volatility.
Market Sentiment,Market sentiment drives short-term FX rate movements.
Market Sentiment,Market sentiment drives short-term exchange rate movements.
Market Sentiment,Investor mood plays a role in exchange rate volatility.
Market Sentiment,Market sentiment drives short-term FX rate movements.
Market Sentiment,Trader confidence influences forex rates.
Market Sentiment,Market sentiment drives short-term currency value movements.
Market Sentiment,Trader confidence influences forex rates.
Market Sentiment,Trader confidence influences forex rates.
Market Sentiment,Trader confidence influences forex rates.
Market Sentiment,Trader confidence influences forex rates.
Market Sentiment,Trader confidence influences forex rates.
Market Sentiment,Trader confidence influences forex rates.
Market Sentiment,Market sentiment drives short-term foreign exchange rate movements.
Market Sentiment,Market sentiment drives short-term foreign exchange rate movements.
Market Sentiment,Trader confidence influences forex rates.
Market Sentiment,Market sentiment drives short-term exchange rate movements.
Market Sentiment,Investor mood plays a role in exchange rate volatility.
Market Sentiment,Trader confidence influences forex rates.
Market Sentiment,Market sentiment drives short-term exchange rate movements.
Market Sentiment,Trader confidence influences forex rates.
Market Sentiment,Investor mood plays a role in exchange rate volatility.
Market Sentiment,Trader confidence influences forex rates.
Market Sentiment,Trader confidence influences forex rates.
Relative Currency Strength,The dollar often strengthens when the euro weakens.
Relative Currency Strength,Comparative performance affects exchange rates.
Relative Currency Strength,A foreign exchange rate's value is relative to others.
Relative Currency Strength,Comparative performance affects exchange rates.
Relative Currency Strength,Comparative performance affects exchange rates.
Relative Currency Strength,A currency value's value is relative to others.
Relative Currency Strength,The dollar often strengthens when the euro weakens.
Relative Currency Strength,Comparative performance affects exchange rates.
Relative Currency Strength,Comparative performance affects exchange rates.
Relative Currency Strength,A currency value's value is relative to others.
Relative Currency Strength,Comparative performance affects exchange rates.
Relative Currency Strength,A currency value's value is relative to others.
Relative Currency Strength,The dollar often strengthens when the euro weakens.
Relative Currency Strength,The dollar often strengthens when the euro weakens.
Relative Currency Strength,A exchange rate's value is relative to others.
Relative Currency Strength,Comparative performance affects exchange rates.
Relative Currency Strength,A currency value's value is relative to others.
Relative Currency Strength,Comparative performance affects exchange rates.
Relative Currency Strength,The dollar often strengthens when the euro weakens.
Relative Currency Strength,Comparative performance affects exchange rates.
Relative Currency Strength,The dollar often strengthens when the euro weakens.
Relative Currency Strength,Comparative performance affects exchange rates.
Relative Currency Strength,Comparative performance affects exchange rates.
Relative Currency Strength,A currency value's value is relative to others.
Relative Currency Strength,Comparative performance affects exchange rates.
Relative Currency Strength,Comparative performance affects exchange rates.
Relative Currency Strength,A currency value's value is relative to others.
Relative Currency Strength,Comparative performance affects exchange rates.
Relative Currency Strength,A exchange rate's value is relative to others.
Relative Currency Strength,Comparative performance affects exchange rates.
Relative Currency Strength,The dollar often strengthens when the euro weakens.
Relative Currency Strength,Comparative performance affects exchange rates.
Relative Currency Strength,Comparative performance affects exchange rates.
Relative Currency Strength,Comparative performance affects exchange rates.
Relative Currency Strength,Comparative performance affects exchange rates.
Relative Currency Strength,A FX rate's value is relative to others.
Relative Currency Strength,A currency value's value is relative to others.
Relative Currency Strength,Comparative performance affects exchange rates.
Relative Currency Strength,The dollar often strengthens when the euro weakens.
Relative Currency Strength,A currency value's value is relative to others.
Relative Currency Strength,Comparative performance affects exchange rates.
Relative Currency Strength,A currency value's value is relative to others.
Relative Currency Strength,A exchange rate's value is relative to others.
Relative Currency Strength,Comparative performance affects exchange rates.
Relative Currency Strength,A foreign exchange rate's value is relative to others.
Relative Currency Strength,A currency value's value is relative to others.
Relative Currency Strength,Comparative performance affects exchange rates.
Relative Currency Strength,Comparative performance affects exchange rates.
Relative Currency Strength,The dollar often strengthens when the euro weakens.
Relative Currency Strength,The dollar often strengthens when the euro weakens.
Relative Currency Strength,Comparative performance affects exchange rates.
Relative Currency Strength,A foreign exchange rate's value is relative to others.
Relative Currency Strength,The dollar often strengthens when the euro weakens.
Relative Currency Strength,The dollar often strengthens when the euro weakens.
Relative Currency Strength,Comparative performance affects exchange rates.
Relative Currency Strength,The dollar often strengthens when the euro weakens.
Relative Currency Strength,A exchange rate's value is relative to others.
Relative Currency Strength,The dollar often strengthens when the euro weakens.
Relative Currency Strength,Comparative performance affects exchange rates.
Relative Currency Strength,A currency value's value is relative to others.
Relative Currency Strength,The dollar often strengthens when the euro weakens.
Relative Currency Strength,The dollar often strengthens when the euro weakens.
Relative Currency Strength,A FX rate's value is relative to others.
Relative Currency Strength,The dollar often strengthens when the euro weakens.
Relative Currency Strength,The dollar often strengthens when the euro weakens.
Relative Currency Strength,The dollar often strengthens when the euro weakens.
Relative Currency Strength,Comparative performance affects exchange rates.
Relative Currency Strength,A exchange rate's value is relative to others.
Relative Currency Strength,Comparative performance affects exchange rates.
Relative Currency Strength,Comparative performance affects exchange rates.
Relative Currency Strength,A exchange rate's value is relative to others.
Relative Currency Strength,A foreign exchange rate's value is relative to others.
Relative Currency Strength,A exchange rate's value is relative to others.
Relative Currency Strength,A currency value's value is relative to others.
Relative Currency Strength,A FX rate's value is relative to others.
Relative Currency Strength,A currency value's value is relative to others.
Relative Currency Strength,Comparative performance affects exchange rates.
Relative Currency Strength,The dollar often strengthens when the euro weakens.
Relative Currency Strength,The dollar often strengthens when the euro weakens.
Relative Currency Strength,Comparative performance affects exchange rates.
Relative Currency Strength,Comparative performance affects exchange rates.
Relative Currency Strength,Comparative performance affects exchange rates.
Relative Currency Strength,A exchange rate's value is relative to others.
Relative Currency Strength,A currency value's value is relative to others.
Relative Currency Strength,A exchange rate's value is relative to others.
Relative Currency Strength,The dollar often strengthens when the euro weakens.
Relative Currency Strength,Comparative performance affects exchange rates.
Relative Currency Strength,The dollar often strengthens when the euro weakens.
Relative Currency Strength,Comparative performance affects exchange rates.
Relative Currency Strength,The dollar often strengthens when the euro weakens.
Relative Currency Strength,The dollar often strengthens when the euro weakens.
Relative Currency Strength,The dollar often strengthens when the euro weakens.
Relative Currency Strength,Comparative performance affects exchange rates.
Relative Currency Strength,A FX rate's value is relative to others.
Relative Currency Strength,The dollar often strengthens when the euro weakens.
Relative Currency Strength,A foreign exchange rate's value is relative to others.
Relative Currency Strength,A currency value's value is relative to others.
Relative Currency Strength,Comparative performance affects exchange rates.
Relative Currency Strength,A exchange rate's value is relative to others.
Relative Currency Strength,A currency value's value is relative to others.
Central Bank Intervention,Central banks sometimes intervene in forex markets.
Central Bank Intervention,Monetary authorities may buy or sell currency value to adjust value.
Central Bank Intervention,Central banks sometimes intervene in forex markets.
Central Bank Intervention,Central banks sometimes intervene in forex markets.
Central Bank Intervention,Monetary authorities may buy or sell FX rate to adjust value.
Central Bank Intervention,Currency stabilization efforts can affect exchange rates.
Central Bank Intervention,Monetary authorities may buy or sell currency value to adjust value.
Central Bank Intervention,Monetary authorities may buy or sell FX rate to adjust value.
Central Bank Intervention,Central banks sometimes intervene in forex markets.
Central Bank Intervention,Monetary authorities may buy or sell FX rate to adjust value.
Central Bank Intervention,Monetary authorities may buy or sell FX rate to adjust value.
Central Bank Intervention,Monetary authorities may buy or sell foreign exchange rate to adjust value.
Central Bank Intervention,Central banks sometimes intervene in forex markets.
Central Bank Intervention,Central banks sometimes intervene in forex markets.
Central Bank Intervention,Currency stabilization efforts can affect exchange rates.
Central Bank Intervention,Currency stabilization efforts can affect exchange rates.
Central Bank Intervention,Currency stabilization efforts can affect exchange rates.
Central Bank Intervention,Central banks sometimes intervene in forex markets.
Central Bank Intervention,Monetary authorities may buy or sell foreign exchange rate to adjust value.
Central Bank Intervention,Monetary authorities may buy or sell exchange rate to adjust value.
Central Bank Intervention,Central banks sometimes intervene in forex markets.
Central Bank Intervention,Monetary authorities may buy or sell currency value to adjust value.
Central Bank Intervention,Central banks sometimes intervene in forex markets.
Central Bank Intervention,Currency stabilization efforts can affect exchange rates.
Central Bank Intervention,Monetary authorities may buy or sell foreign exchange rate to adjust value.
Central Bank Intervention,Central banks sometimes intervene in forex markets.
Central Bank Intervention,Currency stabilization efforts can affect exchange rates.
Central Bank Intervention,Currency stabilization efforts can affect exchange rates.
Central Bank Intervention,Currency stabilization efforts can affect exchange rates.
Central Bank Intervention,Central banks sometimes intervene in forex markets.
Central Bank Intervention,Currency stabilization efforts can affect exchange rates.
Central Bank Intervention,Central banks sometimes intervene in forex markets.
Central Bank Intervention,Central banks sometimes intervene in forex markets.
Central Bank Intervention,Central banks sometimes intervene in forex markets.
Central Bank Intervention,Monetary authorities may buy or sell FX rate to adjust value.
Central Bank Intervention,Monetary authorities may buy or sell FX rate to adjust value.
Central Bank Intervention,Monetary authorities may buy or sell currency value to adjust value.
Central Bank Intervention,Currency stabilization efforts can affect exchange rates.
Central Bank Intervention,Currency stabilization efforts can affect exchange rates.
Central Bank Intervention,Currency stabilization efforts can affect exchange rates.
Central Bank Intervention,Central banks sometimes intervene in forex markets.
Central Bank Intervention,Monetary authorities may buy or sell foreign exchange rate to adjust value.
Central Bank Intervention,Monetary authorities may buy or sell exchange rate to adjust value.
Central Bank Intervention,Central banks sometimes intervene in forex markets.
Central Bank Intervention,Central banks sometimes intervene in forex markets.
Central Bank Intervention,Currency stabilization efforts can affect exchange rates.
Central Bank Intervention,Central banks sometimes intervene in forex markets.
Central Bank Intervention,Currency stabilization efforts can affect exchange rates.
Central Bank Intervention,Currency stabilization efforts can affect exchange rates.
Central Bank Intervention,Currency stabilization efforts can affect exchange rates.
Central Bank Intervention,Currency stabilization efforts can affect exchange rates.
Central Bank Intervention,Currency stabilization efforts can affect exchange rates.
Central Bank Intervention,Currency stabilization efforts can affect exchange rates.
Central Bank Intervention,Central banks sometimes intervene in forex markets.
Central Bank Intervention,Currency stabilization efforts can affect exchange rates.
Central Bank Intervention,Monetary authorities may buy or sell FX rate to adjust value.
Central Bank Intervention,Central banks sometimes intervene in forex markets.
Central Bank Intervention,Currency stabilization efforts can affect exchange rates.
Central Bank Intervention,Currency stabilization efforts can affect exchange rates.
Central Bank Intervention,Monetary authorities may buy or sell exchange rate to adjust value.
Central Bank Intervention,Monetary authorities may buy or sell FX rate to adjust value.
Central Bank Intervention,Currency stabilization efforts can affect exchange rates.
Central Bank Intervention,Currency stabilization efforts can affect exchange rates.
Central Bank Intervention,Central banks sometimes intervene in forex markets.
Central Bank Intervention,Central banks sometimes intervene in forex markets.
Central Bank Intervention,Monetary authorities may buy or sell currency value to adjust value.
Central Bank Intervention,Currency stabilization efforts can affect exchange rates.
Central Bank Intervention,Monetary authorities may buy or sell FX rate to adjust value.
Central Bank Intervention,Currency stabilization efforts can affect exchange rates.
Central Bank Intervention,Central banks sometimes intervene in forex markets.
Central Bank Intervention,Monetary authorities may buy or sell exchange rate to adjust value.
Central Bank Intervention,Currency stabilization efforts can affect exchange rates.
Central Bank Intervention,Central banks sometimes intervene in forex markets.
Central Bank Intervention,Central banks sometimes intervene in forex markets.
Central Bank Intervention,Monetary authorities may buy or sell currency value to adjust value.
Central Bank Intervention,Central banks sometimes intervene in forex markets.
Central Bank Intervention,Monetary authorities may buy or sell currency value to adjust value.
Central Bank Intervention,Monetary authorities may buy or sell FX rate to adjust value.
Central Bank Intervention,Currency stabilization efforts can affect exchange rates.
Central Bank Intervention,Currency stabilization efforts can affect exchange rates.
Central Bank Intervention,Central banks sometimes intervene in forex markets.
Central Bank Intervention,Central banks sometimes intervene in forex markets.
Central Bank Intervention,Currency stabilization efforts can affect exchange rates.
Central Bank Intervention,Currency stabilization efforts can affect exchange rates.
Central Bank Intervention,Monetary authorities may buy or sell exchange rate to adjust value.
Central Bank Intervention,Monetary authorities may buy or sell FX rate to adjust value.
Central Bank Intervention,Monetary authorities may buy or sell exchange rate to adjust value.
Central Bank Intervention,Currency stabilization efforts can affect exchange rates.
Central Bank Intervention,Monetary authorities may buy or sell FX rate to adjust value.
Central Bank Intervention,Monetary authorities may buy or sell currency value to adjust value.
Central Bank Intervention,Monetary authorities may buy or sell exchange rate to adjust value.
Central Bank Intervention,Central banks sometimes intervene in forex markets.
Central Bank Intervention,Currency stabilization efforts can affect exchange rates.
Central Bank Intervention,Monetary authorities may buy or sell exchange rate to adjust value.
Central Bank Intervention,Central banks sometimes intervene in forex markets.
Central Bank Intervention,Central banks sometimes intervene in forex markets.
Central Bank Intervention,Monetary authorities may buy or sell FX rate to adjust value.
Central Bank Intervention,Currency stabilization efforts can affect exchange rates.
Central Bank Intervention,Currency stabilization efforts can affect exchange rates.
Central Bank Intervention,Monetary authorities may buy or sell exchange rate to adjust value.
Commodity Prices,Export-driven currencies follow global commodity trends.
Commodity Prices,Oil price changes can influence the Canadian dollar.
Commodity Prices,Oil price changes can influence the Canadian dollar.
Commodity Prices,Export-driven currencies follow global commodity trends.
Commodity Prices,Oil price changes can influence the Canadian dollar.
Commodity Prices,Commodity costs affect currencies of resource-exporting countries.
Commodity Prices,Oil price changes can influence the Canadian dollar.
Commodity Prices,Oil price changes can influence the Canadian dollar.
Commodity Prices,Oil price changes can influence the Canadian dollar.
Commodity Prices,Commodity values affect currencies of resource-exporting countries.
Commodity Prices,Export-driven currencies follow global commodity trends.
Commodity Prices,Export-driven currencies follow global commodity trends.
Commodity Prices,Oil price changes can influence the Canadian dollar.
Commodity Prices,Export-driven currencies follow global commodity trends.
Commodity Prices,Oil price changes can influence the Canadian dollar.
Commodity Prices,Export-driven currencies follow global commodity trends.
Commodity Prices,Export-driven currencies follow global commodity trends.
Commodity Prices,Export-driven currencies follow global commodity trends.
Commodity Prices,Commodity costs affect currencies of resource-exporting countries.
Commodity Prices,Oil price changes can influence the Canadian dollar.
Commodity Prices,Export-driven currencies follow global commodity trends.
Commodity Prices,Export-driven currencies follow global commodity trends.
Commodity Prices,Export-driven currencies follow global commodity trends.
Commodity Prices,Commodity levels affect currencies of resource-exporting countries.
Commodity Prices,Commodity values affect currencies of resource-exporting countries.
Commodity Prices,Oil price changes can influence the Canadian dollar.
Commodity Prices,Oil price changes can influence the Canadian dollar.
Commodity Prices,Oil price changes can influence the Canadian dollar.
Commodity Prices,Oil price changes can influence the Canadian dollar.
Commodity Prices,Oil price changes can influence the Canadian dollar.
Commodity Prices,Commodity costs affect currencies of resource-exporting countries.
Commodity Prices,Commodity levels affect currencies of resource-exporting countries.
Commodity Prices,Oil price changes can influence the Canadian dollar.
Commodity Prices,Export-driven currencies follow global commodity trends.
Commodity Prices,Commodity values affect currencies of resource-exporting countries.
Commodity Prices,Commodity levels affect currencies of resource-exporting countries.
Commodity Prices,Export-driven currencies follow global commodity trends.
Commodity Prices,Oil price changes can influence the Canadian dollar.
Commodity Prices,Export-driven currencies follow global commodity trends.
Commodity Prices,Export-driven currencies follow global commodity trends.
Commodity Prices,Oil price changes can influence the Canadian dollar.
Commodity Prices,Oil price changes can influence the Canadian dollar.
Commodity Prices,Commodity costs affect currencies of resource-exporting countries.
Commodity Prices,Oil price changes can influence the Canadian dollar.
Commodity Prices,Export-driven currencies follow global commodity trends.
Commodity Prices,Export-driven currencies follow global commodity trends.
Commodity Prices,Export-driven currencies follow global commodity trends.
Commodity Prices,Commodity levels affect currencies of resource-exporting countries.
Commodity Prices,Oil price changes can influence the Canadian dollar.
Commodity Prices,Oil price changes can influence the Canadian dollar.
Commodity Prices,Commodity levels affect currencies of resource-exporting countries.
Commodity Prices,Commodity values affect currencies of resource-exporting countries.
Commodity Prices,Commodity levels affect currencies of resource-exporting countries.
Commodity Prices,Oil price changes can influence the Canadian dollar.
Commodity Prices,Oil price changes can influence the Canadian dollar.
Commodity Prices,Commodity costs affect currencies of resource-exporting countries.
Commodity Prices,Export-driven currencies follow global commodity trends.
Commodity Prices,Export-driven currencies follow global commodity trends.
Commodity Prices,Oil price changes can influence the Canadian dollar.
Commodity Prices,Export-driven currencies follow global commodity trends.
Commodity Prices,Export-driven currencies follow global commodity trends.
Commodity Prices,Commodity levels affect currencies of resource-exporting countries.
Commodity Prices,Oil price changes can influence the Canadian dollar.
Commodity Prices,Oil price changes can influence the Canadian dollar.
Commodity Prices,Export-driven currencies follow global commodity trends.
Commodity Prices,Export-driven currencies follow global commodity trends.
Commodity Prices,Oil price changes can influence the Canadian dollar.
Commodity Prices,Oil price changes can influence the Canadian dollar.
Commodity Prices,Oil price changes can influence the Canadian dollar.
Commodity Prices,Commodity values affect currencies of resource-exporting countries.
Commodity Prices,Export-driven currencies follow global commodity trends.
Commodity Prices,Commodity values affect currencies of resource-exporting countries.
Commodity Prices,Commodity values affect currencies of resource-exporting countries.
Commodity Prices,Commodity costs affect currencies of resource-exporting countries.
Commodity Prices,Export-driven currencies follow global commodity trends.
Commodity Prices,Export-driven currencies follow global commodity trends.
Commodity Prices,Commodity values affect currencies of resource-exporting countries.
Commodity Prices,Export-driven currencies follow global commodity trends.
Commodity Prices,Oil price changes can influence the Canadian dollar.
Commodity Prices,Commodity levels affect currencies of resource-exporting countries.
Commodity Prices,Commodity values affect currencies of resource-exporting countries.
Commodity Prices,Oil price changes can influence the Canadian dollar.
Commodity Prices,Commodity costs affect currencies of resource-exporting countries.
Commodity Prices,Commodity costs affect currencies of resource-exporting countries.
Commodity Prices,Oil price changes can influence the Canadian dollar.
Commodity Prices,Oil price changes can influence the Canadian dollar.
Commodity Prices,Commodity costs affect currencies of resource-exporting countries.
Commodity Prices,Commodity costs affect currencies of resource-exporting countries.
Commodity Prices,Oil price changes can influence the Canadian dollar.
Commodity Prices,Oil price changes can influence the Canadian dollar.
Commodity Prices,Oil price changes can influence the Canadian dollar.
Commodity Prices,Export-driven currencies follow global commodity trends.
Commodity Prices,Export-driven currencies follow global commodity trends.
Commodity Prices,Oil price changes can influence the Canadian dollar.
Commodity Prices,Oil price changes can influence the Canadian dollar.
Commodity Prices,Oil price changes can influence the Canadian dollar.
Commodity Prices,Export-driven currencies follow global commodity trends.
Commodity Prices,Export-driven currencies follow global commodity trends.
Commodity Prices,Commodity values affect currencies of resource-exporting countries.
Commodity Prices,Commodity levels affect currencies of resource-exporting countries.
